Date,Open,High,Low,Close,Volume,AdjClose
2023-03-22,159.3000030517578,162.13999938964844,157.80999755859375,157.8300018310547,75701800,156.2542266845703
2023-03-23,158.8300018310547,161.5500030517578,157.67999267578125,158.92999267578125,67622100,157.34323120117188
2023-03-24,158.86000061035156,160.33999633789062,157.85000610351562,160.25,59196500,158.65003967285156
2023-03-27,159.94000244140625,160.77000427246094,157.8699951171875,158.27999877929688,52390300,156.69973754882812
2023-03-28,157.97000122070312,158.49000549316406,155.97999572753906,157.64999389648438,45992200,156.0760040283203
2023-03-29,159.3699951171875,161.0500030517578,159.35000610351562,160.77000427246094,51305700,159.1648712158203
2023-03-30,161.52999877929688,162.47000122070312,161.27000427246094,162.36000061035156,49501700,160.7389678955078
2023-03-31,162.44000244140625,165,161.91000366210938,164.89999389648438,68749800,163.25360107421875
2023-04-03,164.27000427246094,166.2899932861328,164.22000122070312,166.1699981689453,56976200,164.5109405517578
2023-04-04,166.60000610351562,166.83999633789062,165.11000061035156,165.6300048828125,46278300,163.97634887695312
2023-04-05,164.74000549316406,165.0500030517578,161.8000030517578,163.75999450683594,51511700,162.12501525878906
2023-04-06,162.42999267578125,164.9600067138672,162,164.66000366210938,45390100,163.01602172851562
2023-04-10,161.4199981689453,162.02999877929688,160.0800018310547,162.02999877929688,47716900,160.4123077392578
2023-04-11,162.35000610351562,162.36000061035156,160.50999450683594,160.8000030517578,47644200,159.194580078125
2023-04-12,161.22000122070312,162.05999755859375,159.77999877929688,160.10000610351562,50133100,158.50155639648438
2023-04-13,161.6300048828125,165.8000030517578,161.4199981689453,165.55999755859375,68445600,163.9070281982422
2023-04-14,164.58999633789062,166.32000732421875,163.82000732421875,165.2100067138672,49386500,163.56053161621094
2023-04-17,165.08999633789062,165.38999938964844,164.02999877929688,165.22999572753906,41516200,163.58033752441406
2023-04-18,166.10000610351562,167.41000366210938,165.64999389648438,166.47000122070312,49923000,164.80795288085938
2023-04-19,165.8000030517578,168.16000366210938,165.5399932861328,167.6300048828125,47720200,165.95639038085938
2023-04-20,166.08999633789062,167.8699951171875,165.55999755859375,166.64999389648438,52456400,164.9861602783203
2023-04-21,165.0500030517578,166.4499969482422,164.49000549316406,165.02000427246094,58337300,163.3724365234375
2023-04-24,165,165.60000610351562,163.88999938964844,165.3300018310547,41949600,163.67935180664062
2023-04-25,165.19000244140625,166.30999755859375,163.72999572753906,163.77000427246094,48714100,162.13490295410156
2023-04-26,163.05999755859375,165.27999877929688,162.8000030517578,163.75999450683594,45498800,162.12501525878906
2023-04-27,165.19000244140625,168.55999755859375,165.19000244140625,168.41000366210938,64902300,166.72857666015625
2023-04-28,168.49000549316406,169.85000610351562,167.8800048828125,169.67999267578125,55209200,167.9859161376953
2023-05-01,169.27999877929688,170.4499969482422,168.63999938964844,169.58999633789062,52472900,167.89682006835938
2023-05-02,170.08999633789062,170.35000610351562,167.5399932861328,168.5399932861328,48425700,166.8572998046875
2023-05-03,169.5,170.9199981689453,167.16000366210938,167.4499969482422,65136000,165.77818298339844
2023-05-04,164.88999938964844,167.0399932861328,164.30999755859375,165.7899932861328,81235400,164.13475036621094
2023-05-05,170.97999572753906,174.3000030517578,170.75999450683594,173.57000732421875,113316400,171.8370819091797
2023-05-08,172.47999572753906,173.85000610351562,172.11000061035156,173.5,55962800,171.7677459716797
2023-05-09,173.0500030517578,173.5399932861328,171.60000610351562,171.77000427246094,45326900,170.0550537109375
2023-05-10,173.02000427246094,174.02999877929688,171.89999389648438,173.55999755859375,53724500,171.82716369628906
2023-05-11,173.85000610351562,174.58999633789062,172.1699981689453,173.75,49514700,172.01527404785156
2023-05-12,173.6199951171875,174.05999755859375,171,172.57000732421875,45497800,171.08335876464844
2023-05-15,173.16000366210938,173.2100067138672,171.47000122070312,172.07000732421875,37266700,170.58766174316406
2023-05-16,171.99000549316406,173.13999938964844,171.8000030517578,172.07000732421875,42110300,170.58766174316406
2023-05-17,171.7100067138672,172.92999267578125,170.4199981689453,172.69000244140625,57951600,171.20233154296875
2023-05-18,173,175.24000549316406,172.5800018310547,175.0500030517578,65496700,173.5419921875
2023-05-19,176.38999938964844,176.38999938964844,174.94000244140625,175.16000366210938,55772400,173.6510772705078
2023-05-22,173.97999572753906,174.7100067138672,173.4499969482422,174.1999969482422,43570900,172.6992950439453
2023-05-23,173.1300048828125,173.3800048828125,171.27999877929688,171.55999755859375,50747300,170.08206176757812
2023-05-24,171.08999633789062,172.4199981689453,170.52000427246094,171.83999633789062,45143500,170.35964965820312
2023-05-25,172.41000366210938,173.89999389648438,171.69000244140625,172.99000549316406,56058300,171.49977111816406
2023-05-26,173.32000732421875,175.77000427246094,173.11000061035156,175.42999267578125,54835000,173.918701171875
2023-05-30,176.9600067138672,178.99000549316406,176.57000732421875,177.3000030517578,55964400,175.77261352539062
2023-05-31,177.3300018310547,179.35000610351562,176.75999450683594,177.25,99625300,175.7230682373047
2023-06-01,177.6999969482422,180.1199951171875,176.92999267578125,180.08999633789062,68901800,178.53855895996094
2023-06-02,181.02999877929688,181.77999877929688,179.25999450683594,180.9499969482422,61945900,179.3911590576172
2023-06-05,182.6300048828125,184.9499969482422,178.0399932861328,179.5800018310547,121946500,178.03297424316406
2023-06-06,179.97000122070312,180.1199951171875,177.42999267578125,179.2100067138672,64848400,177.66616821289062
2023-06-07,178.44000244140625,181.2100067138672,177.32000732421875,177.82000732421875,61944600,176.2881622314453
2023-06-08,177.89999389648438,180.83999633789062,177.4600067138672,180.57000732421875,50214900,179.01446533203125
2023-06-09,181.5,182.22999572753906,180.6300048828125,180.9600067138672,48870700,179.4010772705078
2023-06-12,181.27000427246094,183.88999938964844,180.97000122070312,183.7899932861328,54274900,182.20668029785156
2023-06-13,182.8000030517578,184.14999389648438,182.44000244140625,183.30999755859375,54929100,181.73085021972656
2023-06-14,183.3699951171875,184.38999938964844,182.02000427246094,183.9499969482422,57462900,182.36532592773438
2023-06-15,183.9600067138672,186.52000427246094,183.77999877929688,186.00999450683594,65433200,184.40757751464844
2023-06-16,186.72999572753906,186.99000549316406,184.27000427246094,184.9199981689453,101235600,183.3269805908203
2023-06-20,184.41000366210938,186.10000610351562,184.41000366210938,185.00999450683594,49799100,183.41619873046875
2023-06-21,184.89999389648438,185.41000366210938,182.58999633789062,183.9600067138672,49515700,182.375244140625
2023-06-22,183.74000549316406,187.0500030517578,183.6699981689453,187,51245300,185.38905334472656
2023-06-23,185.5500030517578,187.55999755859375,185.00999450683594,186.67999267578125,53079300,185.07179260253906
2023-06-26,186.8300018310547,188.0500030517578,185.22999572753906,185.27000427246094,48088700,183.6739501953125
2023-06-27,185.88999938964844,188.38999938964844,185.6699981689453,188.05999755859375,50730800,186.43992614746094
2023-06-28,187.92999267578125,189.89999389648438,187.60000610351562,189.25,51216800,187.6196746826172
2023-06-29,189.0800018310547,190.07000732421875,188.94000244140625,189.58999633789062,46347300,187.95672607421875
2023-06-30,191.6300048828125,194.47999572753906,191.25999450683594,193.97000122070312,85069600,192.2989959716797
2023-07-03,193.77999877929688,193.8800048828125,191.75999450683594,192.4600067138672,31458200,190.80198669433594
2023-07-05,191.57000732421875,192.97999572753906,190.6199951171875,191.3300018310547,46920300,189.68174743652344
2023-07-06,189.83999633789062,192.02000427246094,189.1999969482422,191.80999755859375,45094300,190.1575927734375
2023-07-07,191.41000366210938,192.6699981689453,190.24000549316406,190.67999267578125,46778000,189.037353515625
2023-07-10,189.25999450683594,189.99000549316406,187.0399932861328,188.61000061035156,59922200,186.9851837158203
2023-07-11,189.16000366210938,189.3000030517578,186.60000610351562,188.0800018310547,46638100,186.45974731445312
2023-07-12,189.67999267578125,191.6999969482422,188.47000122070312,189.77000427246094,60750200,188.13519287109375
2023-07-13,190.5,191.19000244140625,189.77999877929688,190.5399932861328,41342300,188.8985595703125
2023-07-14,190.22999572753906,191.17999267578125,189.6300048828125,190.69000244140625,41573900,189.04727172851562
2023-07-17,191.89999389648438,194.32000732421875,191.80999755859375,193.99000549316406,50520200,192.31886291503906
2023-07-18,193.35000610351562,194.3300018310547,192.4199981689453,193.72999572753906,48353800,192.0610809326172
2023-07-19,193.10000610351562,198.22999572753906,192.64999389648438,195.10000610351562,80507300,193.41928100585938
2023-07-20,195.08999633789062,196.47000122070312,192.5,193.1300048828125,59581200,191.46627807617188
2023-07-21,194.10000610351562,194.97000122070312,191.22999572753906,191.94000244140625,71917800,190.28652954101562
2023-07-24,193.41000366210938,194.91000366210938,192.25,192.75,45377800,191.0895233154297
2023-07-25,193.3300018310547,194.44000244140625,192.9199981689453,193.6199951171875,37283200,191.95201110839844
2023-07-26,193.6699981689453,195.63999938964844,193.32000732421875,194.5,47471900,192.82443237304688
2023-07-27,196.02000427246094,197.1999969482422,192.5500030517578,193.22000122070312,47460200,191.55548095703125
2023-07-28,194.6699981689453,196.6300048828125,194.13999938964844,195.8300018310547,48291400,194.14300537109375
2023-07-31,196.05999755859375,196.49000549316406,195.25999450683594,196.4499969482422,38824100,194.7576446533203
2023-08-01,196.24000549316406,196.72999572753906,195.27999877929688,195.61000061035156,35175100,193.9248809814453
2023-08-02,195.0399932861328,195.17999267578125,191.85000610351562,192.5800018310547,50389300,190.92098999023438
2023-08-03,191.57000732421875,192.3699951171875,190.69000244140625,191.1699981689453,61235200,189.5231475830078
2023-08-04,185.52000427246094,187.3800048828125,181.9199981689453,181.99000549316406,115799700,180.42222595214844
2023-08-07,182.1300048828125,183.1300048828125,177.35000610351562,178.85000610351562,97576100,177.30926513671875
2023-08-08,179.69000244140625,180.27000427246094,177.5800018310547,179.8000030517578,67823000,178.25106811523438
2023-08-09,180.8699951171875,180.92999267578125,177.00999450683594,178.19000244140625,60378500,176.6549530029297
2023-08-10,179.47999572753906,180.75,177.60000610351562,177.97000122070312,54686900,176.4368438720703
2023-08-11,177.32000732421875,178.6199951171875,176.5500030517578,177.7899932861328,51988100,176.4964141845703
2023-08-14,177.97000122070312,179.69000244140625,177.30999755859375,179.4600067138672,43675600,178.15428161621094
2023-08-15,178.8800048828125,179.47999572753906,177.0500030517578,177.4499969482422,43622600,176.15890502929688
2023-08-16,177.1300048828125,178.5399932861328,176.5,176.57000732421875,46964900,175.28530883789062
2023-08-17,177.13999938964844,177.50999450683594,173.47999572753906,174,66062900,172.73399353027344
2023-08-18,172.3000030517578,175.10000610351562,171.9600067138672,174.49000549316406,61114200,173.22044372558594
2023-08-21,175.07000732421875,176.1300048828125,173.74000549316406,175.83999633789062,46311900,174.5605926513672
2023-08-22,177.05999755859375,177.67999267578125,176.25,177.22999572753906,42084200,175.9404754638672
2023-08-23,178.52000427246094,181.5500030517578,178.3300018310547,181.1199951171875,52722800,179.80218505859375
2023-08-24,180.6699981689453,181.10000610351562,176.00999450683594,176.3800048828125,54945800,175.09666442871094
2023-08-25,177.3800048828125,179.14999389648438,175.82000732421875,178.61000061035156,51449600,177.31044006347656
2023-08-28,180.08999633789062,180.58999633789062,178.5500030517578,180.19000244140625,43820700,178.87896728515625
2023-08-29,179.6999969482422,184.89999389648438,179.5,184.1199951171875,53003900,182.78036499023438
2023-08-30,184.94000244140625,187.85000610351562,184.74000549316406,187.64999389648438,60813900,186.28466796875
2023-08-31,187.83999633789062,189.1199951171875,187.47999572753906,187.8699951171875,60794500,186.50306701660156
2023-09-01,189.49000549316406,189.9199981689453,188.27999877929688,189.4600067138672,45732600,188.08151245117188
2023-09-05,188.27999877929688,189.97999572753906,187.61000061035156,189.6999969482422,45280000,188.3197479248047
2023-09-06,188.39999389648438,188.85000610351562,181.47000122070312,182.91000366210938,81755800,181.57916259765625
2023-09-07,175.17999267578125,178.2100067138672,173.5399932861328,177.55999755859375,112488800,176.26806640625
2023-09-08,178.35000610351562,180.24000549316406,177.7899932861328,178.17999267578125,65551300,176.88356018066406
2023-09-11,180.07000732421875,180.3000030517578,177.33999633789062,179.36000061035156,58953100,178.0549774169922
2023-09-12,179.49000549316406,180.1300048828125,174.82000732421875,176.3000030517578,90370200,175.0172576904297
2023-09-13,176.50999450683594,177.3000030517578,173.97999572753906,174.2100067138672,84267900,172.9424591064453
2023-09-14,174,176.10000610351562,173.5800018310547,175.74000549316406,60895800,174.46133422851562
2023-09-15,176.47999572753906,176.5,173.82000732421875,175.00999450683594,109205100,173.7366180419922
2023-09-18,176.47999572753906,179.3800048828125,176.1699981689453,177.97000122070312,67257600,176.6750946044922
2023-09-19,177.52000427246094,179.6300048828125,177.1300048828125,179.07000732421875,51826900,177.76710510253906
2023-09-20,179.25999450683594,179.6999969482422,175.39999389648438,175.49000549316406,58436200,174.21316528320312
2023-09-21,174.5500030517578,176.3000030517578,173.86000061035156,173.92999267578125,63047900,172.6645050048828
2023-09-22,174.6699981689453,177.0800018310547,174.0500030517578,174.7899932861328,56725400,173.5182342529297
2023-09-25,174.1999969482422,176.97000122070312,174.14999389648438,176.0800018310547,46172700,174.79885864257812
2023-09-26,174.82000732421875,175.1999969482422,171.66000366210938,171.9600067138672,64588900,170.70883178710938
2023-09-27,172.6199951171875,173.0399932861328,169.0500030517578,170.42999267578125,66921800,169.18994140625
2023-09-28,169.33999633789062,172.02999877929688,167.6199951171875,170.69000244140625,56294400,169.4480743408203
2023-09-29,172.02000427246094,173.07000732421875,170.33999633789062,171.2100067138672,51814200,169.96429443359375
2023-10-02,171.22000122070312,174.3000030517578,170.92999267578125,173.75,52164500,172.48580932617188
2023-10-03,172.25999450683594,173.6300048828125,170.82000732421875,172.39999389648438,49594600,171.1456298828125
2023-10-04,171.08999633789062,174.2100067138672,170.97000122070312,173.66000366210938,53020300,172.39645385742188
2023-10-05,173.7899932861328,175.4499969482422,172.67999267578125,174.91000366210938,48527900,173.6373748779297
2023-10-06,173.8000030517578,177.99000549316406,173.17999267578125,177.49000549316406,57224100,176.19859313964844
2023-10-09,176.80999755859375,179.0500030517578,175.8000030517578,178.99000549316406,42390800,177.68768310546875
2023-10-10,178.10000610351562,179.72000122070312,177.9499969482422,178.38999938964844,43698000,177.092041015625
2023-10-11,178.1999969482422,179.85000610351562,177.60000610351562,179.8000030517578,47551100,178.4917755126953
2023-10-12,180.07000732421875,182.33999633789062,179.0399932861328,180.7100067138672,56743100,179.39515686035156
2023-10-13,181.4199981689453,181.92999267578125,178.13999938964844,178.85000610351562,51427100,177.5487060546875
2023-10-16,176.75,179.0800018310547,176.50999450683594,178.72000122070312,52517000,177.41964721679688
2023-10-17,176.64999389648438,178.4199981689453,174.8000030517578,177.14999389648438,57549400,175.86105346679688
2023-10-18,175.5800018310547,177.5800018310547,175.11000061035156,175.83999633789062,54764400,174.5605926513672
2023-10-19,176.0399932861328,177.83999633789062,175.19000244140625,175.4600067138672,59302900,174.18336486816406
2023-10-20,175.30999755859375,175.4199981689453,172.63999938964844,172.8800048828125,64189300,171.6221466064453
2023-10-23,170.91000366210938,174.00999450683594,169.92999267578125,173,55980100,171.74127197265625
2023-10-24,173.0500030517578,173.6699981689453,171.4499969482422,173.44000244140625,43816600,172.17807006835938
2023-10-25,171.8800048828125,173.05999755859375,170.64999389648438,171.10000610351562,57157000,169.8551025390625
2023-10-26,170.3699951171875,171.3800048828125,165.6699981689453,166.88999938964844,70625300,165.67572021484375
2023-10-27,166.91000366210938,168.9600067138672,166.8300018310547,168.22000122070312,58499100,166.99606323242188
2023-10-30,169.02000427246094,171.1699981689453,168.8699951171875,170.2899932861328,51131000,169.05096435546875
2023-10-31,169.35000610351562,170.89999389648438,167.89999389648438,170.77000427246094,44846000,169.52749633789062
2023-11-01,171,174.22999572753906,170.1199951171875,173.97000122070312,56934900,172.70420837402344
2023-11-02,175.52000427246094,177.77999877929688,175.4600067138672,177.57000732421875,77334800,176.2780303955078
2023-11-03,174.24000549316406,176.82000732421875,173.35000610351562,176.64999389648438,79763700,175.36471557617188
2023-11-06,176.3800048828125,179.42999267578125,176.2100067138672,179.22999572753906,63841300,177.9259490966797
2023-11-07,179.17999267578125,182.44000244140625,178.97000122070312,181.82000732421875,70530000,180.4971160888672
2023-11-08,182.35000610351562,183.4499969482422,181.58999633789062,182.88999938964844,49340300,181.55929565429688
2023-11-09,182.9600067138672,184.1199951171875,181.80999755859375,182.41000366210938,53763500,181.0828094482422
2023-11-10,183.97000122070312,186.57000732421875,183.52999877929688,186.39999389648438,66133400,185.2875518798828
2023-11-13,185.82000732421875,186.02999877929688,184.2100067138672,184.8000030517578,43627500,183.6970977783203
2023-11-14,187.6999969482422,188.11000061035156,186.3000030517578,187.44000244140625,60108400,186.32135009765625
2023-11-15,187.85000610351562,189.5,187.77999877929688,188.00999450683594,53790500,186.88792419433594
2023-11-16,189.57000732421875,190.9600067138672,188.64999389648438,189.7100067138672,54412900,188.57781982421875
2023-11-17,190.25,190.3800048828125,188.57000732421875,189.69000244140625,50922700,188.55792236328125
2023-11-20,189.88999938964844,191.91000366210938,189.8800048828125,191.4499969482422,46505100,190.3074188232422
2023-11-21,191.41000366210938,191.52000427246094,189.74000549316406,190.63999938964844,38134500,189.50225830078125
2023-11-22,191.49000549316406,192.92999267578125,190.8300018310547,191.30999755859375,39617700,190.1682586669922
2023-11-24,190.8699951171875,190.89999389648438,189.25,189.97000122070312,24048300,188.83624267578125
2023-11-27,189.9199981689453,190.6699981689453,188.89999389648438,189.7899932861328,40552600,188.6573028564453
2023-11-28,189.77999877929688,191.0800018310547,189.39999389648438,190.39999389648438,38415400,189.263671875
2023-11-29,190.89999389648438,192.08999633789062,188.97000122070312,189.3699951171875,43014200,188.2398223876953
2023-11-30,189.83999633789062,190.32000732421875,188.19000244140625,189.9499969482422,48794400,188.81634521484375
2023-12-01,190.3300018310547,191.55999755859375,189.22999572753906,191.24000549316406,45679300,190.0986785888672
2023-12-04,189.97999572753906,190.0500030517578,187.4499969482422,189.42999267578125,43389500,188.29945373535156
2023-12-05,190.2100067138672,194.39999389648438,190.17999267578125,193.4199981689453,66628400,192.26565551757812
2023-12-06,194.4499969482422,194.75999450683594,192.11000061035156,192.32000732421875,41089700,191.17222595214844
2023-12-07,193.6300048828125,195,193.58999633789062,194.27000427246094,47477700,193.110595703125
2023-12-08,194.1999969482422,195.99000549316406,193.6699981689453,195.7100067138672,53377300,194.5419921875
2023-12-11,193.11000061035156,193.49000549316406,191.4199981689453,193.17999267578125,60943700,192.027099609375
2023-12-12,193.0800018310547,194.72000122070312,191.72000122070312,194.7100067138672,52696900,193.5479736328125
2023-12-13,195.08999633789062,198,194.85000610351562,197.9600067138672,70404200,196.778564453125
2023-12-14,198.02000427246094,199.6199951171875,196.16000366210938,198.11000061035156,66831600,196.92767333984375
2023-12-15,197.52999877929688,198.39999389648438,197,197.57000732421875,128256700,196.39089965820312
2023-12-18,196.08999633789062,196.6300048828125,194.38999938964844,195.88999938964844,55751900,194.72091674804688
2023-12-19,196.16000366210938,196.9499969482422,195.88999938964844,196.94000244140625,40714100,195.7646484375
2023-12-20,196.89999389648438,197.67999267578125,194.8300018310547,194.8300018310547,52242800,193.667236328125
2023-12-21,196.10000610351562,197.0800018310547,193.5,194.67999267578125,46482500,193.51812744140625
2023-12-22,195.17999267578125,195.41000366210938,192.97000122070312,193.60000610351562,37122800,192.44459533691406
2023-12-26,193.61000061035156,193.88999938964844,192.8300018310547,193.0500030517578,28919300,191.8978729248047
2023-12-27,192.49000549316406,193.5,191.08999633789062,193.14999389648438,48087700,191.9972686767578
2023-12-28,194.13999938964844,194.66000366210938,193.1699981689453,193.5800018310547,34049900,192.42469787597656
2023-12-29,193.89999389648438,194.39999389648438,191.72999572753906,192.52999877929688,42628800,191.38096618652344
2024-01-02,187.14999389648438,188.44000244140625,183.88999938964844,185.63999938964844,82488700,184.53207397460938
2024-01-03,184.22000122070312,185.8800048828125,183.42999267578125,184.25,58414500,183.15037536621094
2024-01-04,182.14999389648438,183.08999633789062,180.8800048828125,181.91000366210938,71983600,180.8243408203125
2024-01-05,181.99000549316406,182.75999450683594,180.1699981689453,181.17999267578125,62303300,180.0987091064453
2024-01-08,182.08999633789062,185.60000610351562,181.5,185.55999755859375,59144500,184.4525604248047
2024-01-09,183.9199981689453,185.14999389648438,182.72999572753906,185.13999938964844,42841800,184.03506469726562
2024-01-10,184.35000610351562,186.39999389648438,183.9199981689453,186.19000244140625,46792900,185.07882690429688
2024-01-11,186.5399932861328,187.0500030517578,183.6199951171875,185.58999633789062,49128400,184.4823760986328
2024-01-12,186.05999755859375,186.74000549316406,185.19000244140625,185.9199981689453,40444700,184.81040954589844
2024-01-16,182.16000366210938,184.25999450683594,180.92999267578125,183.6300048828125,65603000,182.53408813476562
2024-01-17,181.27000427246094,182.92999267578125,180.3000030517578,182.67999267578125,47317400,181.58975219726562
2024-01-18,186.08999633789062,189.13999938964844,185.8300018310547,188.6300048828125,78005800,187.50424194335938
2024-01-19,189.3300018310547,191.9499969482422,188.82000732421875,191.55999755859375,68741000,190.416748046875
2024-01-22,192.3000030517578,195.3300018310547,192.25999450683594,193.88999938964844,60133900,192.73284912109375
2024-01-23,195.02000427246094,195.75,193.8300018310547,195.17999267578125,42355600,194.01513671875
2024-01-24,195.4199981689453,196.3800048828125,194.33999633789062,194.5,53631300,193.33921813964844
2024-01-25,195.22000122070312,196.27000427246094,193.11000061035156,194.1699981689453,54822100,193.0111846923828
2024-01-26,194.27000427246094,194.75999450683594,191.94000244140625,192.4199981689453,44594000,191.27162170410156
2024-01-29,192.00999450683594,192.1999969482422,189.5800018310547,191.72999572753906,47145600,190.5857391357422
2024-01-30,190.94000244140625,191.8000030517578,187.47000122070312,188.0399932861328,55859400,186.9177703857422
2024-01-31,187.0399932861328,187.10000610351562,184.35000610351562,184.39999389648438,55467800,183.29946899414062
2024-02-01,183.99000549316406,186.9499969482422,183.82000732421875,186.86000061035156,64885400,185.74481201171875
2024-02-02,179.86000061035156,187.3300018310547,179.25,185.85000610351562,102518000,184.74082946777344
2024-02-05,188.14999389648438,189.25,185.83999633789062,187.67999267578125,69668800,186.55992126464844
2024-02-06,186.86000061035156,189.30999755859375,186.77000427246094,189.3000030517578,43490800,188.1702423095703
2024-02-07,190.63999938964844,191.0500030517578,188.61000061035156,189.41000366210938,53439000,188.2795867919922
2024-02-08,189.38999938964844,189.5399932861328,187.35000610351562,188.32000732421875,40962000,187.19610595703125
2024-02-09,188.64999389648438,189.99000549316406,188,188.85000610351562,45155200,187.9624786376953
2024-02-12,188.4199981689453,188.6699981689453,186.7899932861328,187.14999389648438,41781900,186.2704620361328
2024-02-13,185.77000427246094,186.2100067138672,183.50999450683594,185.0399932861328,56529500,184.1703643798828
2024-02-14,185.32000732421875,185.52999877929688,182.44000244140625,184.14999389648438,54630500,183.2845458984375
2024-02-15,183.5500030517578,184.49000549316406,181.35000610351562,183.86000061035156,65434500,182.9959259033203
2024-02-16,183.4199981689453,184.85000610351562,181.6699981689453,182.30999755859375,49701400,181.45318603515625
2024-02-20,181.7899932861328,182.42999267578125,180,181.55999755859375,53665600,180.70672607421875
2024-02-21,181.94000244140625,182.88999938964844,180.66000366210938,182.32000732421875,41529700,181.4631805419922
2024-02-22,183.47999572753906,184.9600067138672,182.4600067138672,184.3699951171875,52292200,183.50352478027344
2024-02-23,185.00999450683594,185.0399932861328,182.22999572753906,182.52000427246094,45119700,181.66221618652344
2024-02-26,182.24000549316406,182.75999450683594,180.64999389648438,181.16000366210938,40867400,180.30862426757812
2024-02-27,181.10000610351562,183.9199981689453,179.55999755859375,182.6300048828125,54318900,181.77169799804688
2024-02-28,182.50999450683594,183.1199951171875,180.1300048828125,181.4199981689453,48953900,180.5673828125
2024-02-29,181.27000427246094,182.57000732421875,179.52999877929688,180.75,136682600,179.90052795410156
2024-03-01,179.5500030517578,180.52999877929688,177.3800048828125,179.66000366210938,73488000,178.815673828125
2024-03-04,176.14999389648438,176.89999389648438,173.7899932861328,175.10000610351562,81510100,174.27708435058594
2024-03-05,170.75999450683594,172.0399932861328,169.6199951171875,170.1199951171875,95132400,169.32049560546875
2024-03-06,171.05999755859375,171.24000549316406,168.67999267578125,169.1199951171875,68587700,168.32518005371094
2024-03-07,169.14999389648438,170.72999572753906,168.49000549316406,169,71765100,168.2057647705078
2024-03-08,169,173.6999969482422,168.94000244140625,170.72999572753906,76114600,169.9276123046875
2024-03-11,172.94000244140625,174.3800048828125,172.0500030517578,172.75,60139500,171.93814086914062
2024-03-12,173.14999389648438,174.02999877929688,171.00999450683594,173.22999572753906,59825400,172.41586303710938
2024-03-13,172.77000427246094,173.19000244140625,170.75999450683594,171.1300048828125,52488700,170.3257598876953
2024-03-14,172.91000366210938,174.30999755859375,172.0500030517578,173,72913500,172.1869659423828
2024-03-15,171.1699981689453,172.6199951171875,170.2899932861328,172.6199951171875,121664700,171.80874633789062
2024-03-18,175.57000732421875,177.7100067138672,173.52000427246094,173.72000122070312,75604200,172.903564453125
2024-03-19,174.33999633789062,176.61000061035156,173.02999877929688,176.0800018310547,55215200,175.2524871826172
2024-03-20,175.72000122070312,178.6699981689453,175.08999633789062,178.6699981689453,53423100,177.830322265625
2024-03-21,177.0500030517578,177.49000549316406,170.83999633789062,171.3699951171875,106181300,170.5646209716797
2024-03-22,171.75999450683594,173.0500030517578,170.05999755859375,172.27999877929688,71106600,171.47035217285156
2024-03-25,170.57000732421875,171.94000244140625,169.4499969482422,170.85000610351562,54288300,170.0470733642578
2024-03-26,170,171.4199981689453,169.5800018310547,169.7100067138672,57388400,168.91244506835938
2024-03-27,170.41000366210938,173.60000610351562,170.11000061035156,173.30999755859375,60273300,172.49549865722656
2024-03-28,171.75,172.22999572753906,170.50999450683594,171.47999572753906,65672700,170.67410278320312
2024-04-01,171.19000244140625,171.25,169.47999572753906,170.02999877929688,46240500,169.23092651367188
2024-04-02,169.0800018310547,169.33999633789062,168.22999572753906,168.83999633789062,49329500,168.04649353027344
2024-04-03,168.7899932861328,170.67999267578125,168.5800018310547,169.64999389648438,47691700,168.85269165039062
2024-04-04,170.2899932861328,171.9199981689453,168.82000732421875,168.82000732421875,53704400,168.02662658691406
2024-04-05,169.58999633789062,170.38999938964844,168.9499969482422,169.5800018310547,42055200,168.78302001953125
2024-04-08,169.02999877929688,169.1999969482422,168.24000549316406,168.4499969482422,37425500,167.65834045410156
2024-04-09,168.6999969482422,170.0800018310547,168.35000610351562,169.6699981689453,42451200,168.8726043701172
2024-04-10,168.8000030517578,169.08999633789062,167.11000061035156,167.77999877929688,49709300,166.99148559570312
2024-04-11,168.33999633789062,175.4600067138672,168.16000366210938,175.0399932861328,91070300,174.21737670898438
2024-04-12,174.25999450683594,178.36000061035156,174.2100067138672,176.5500030517578,101593300,175.72027587890625
2024-04-15,175.36000061035156,176.6300048828125,172.5,172.69000244140625,73531800,171.87840270996094
2024-04-16,171.75,173.75999450683594,168.27000427246094,169.3800048828125,73711200,168.583984375
2024-04-17,169.61000061035156,170.64999389648438,168,168,50901200,167.21046447753906
2024-04-18,168.02999877929688,168.63999938964844,166.5500030517578,167.0399932861328,43122900,166.2549591064453
2024-04-19,166.2100067138672,166.39999389648438,164.0800018310547,165,67772100,164.2245635986328
2024-04-22,165.52000427246094,167.25999450683594,164.77000427246094,165.83999633789062,48116400,165.0605926513672
2024-04-23,165.35000610351562,167.0500030517578,164.9199981689453,166.89999389648438,49537800,166.1156005859375
2024-04-24,166.5399932861328,169.3000030517578,166.2100067138672,169.02000427246094,48251800,168.2256622314453
2024-04-25,169.52999877929688,170.61000061035156,168.14999389648438,169.88999938964844,50558300,169.09158325195312
2024-04-26,169.8800048828125,171.33999633789062,169.17999267578125,169.3000030517578,44838400,168.5043487548828
2024-04-29,173.3699951171875,176.02999877929688,173.10000610351562,173.5,68169400,172.68460083007812
2024-04-30,173.3300018310547,174.99000549316406,170,170.3300018310547,65934800,169.52951049804688
2024-05-01,169.5800018310547,172.7100067138672,169.11000061035156,169.3000030517578,50383100,168.5043487548828
2024-05-02,172.50999450683594,173.4199981689453,170.88999938964844,173.02999877929688,94214900,172.21681213378906
2024-05-03,186.64999389648438,187,182.66000366210938,183.3800048828125,163224100,182.51817321777344
2024-05-06,182.35000610351562,184.1999969482422,180.4199981689453,181.7100067138672,78569700,180.8560333251953
2024-05-07,183.4499969482422,184.89999389648438,181.32000732421875,182.39999389648438,77305800,181.5427703857422
2024-05-08,182.85000610351562,183.07000732421875,181.4499969482422,182.74000549316406,45057100,181.8811798095703
2024-05-09,182.55999755859375,184.66000366210938,182.11000061035156,184.57000732421875,48983000,183.7025909423828
2024-05-10,184.89999389648438,185.08999633789062,182.1300048828125,183.0500030517578,50759500,182.43682861328125
2024-05-13,185.44000244140625,187.10000610351562,184.6199951171875,186.27999877929688,72044800,185.65602111816406
2024-05-14,187.50999450683594,188.3000030517578,186.2899932861328,187.42999267578125,52393600,186.8021697998047
2024-05-15,187.91000366210938,190.64999389648438,187.3699951171875,189.72000122070312,70400000,189.08450317382812
2024-05-16,190.47000122070312,191.10000610351562,189.66000366210938,189.83999633789062,52845200,189.2041015625
2024-05-17,189.50999450683594,190.80999755859375,189.17999267578125,189.8699951171875,41282900,189.2340087890625
2024-05-20,189.3300018310547,191.9199981689453,189.00999450683594,191.0399932861328,44361300,190.40008544921875
2024-05-21,191.08999633789062,192.72999572753906,190.9199981689453,192.35000610351562,42309400,191.70570373535156
2024-05-22,192.27000427246094,192.82000732421875,190.27000427246094,190.89999389648438,34648500,190.26055908203125
2024-05-23,190.97999572753906,191,186.6300048828125,186.8800048828125,51005900,186.25401306152344
2024-05-24,188.82000732421875,190.5800018310547,188.0399932861328,189.97999572753906,36294600,189.3436279296875
2024-05-28,191.50999450683594,193,189.10000610351562,189.99000549316406,52280100,189.35360717773438
2024-05-29,189.61000061035156,192.25,189.50999450683594,190.2899932861328,53068000,189.652587890625
2024-05-30,190.75999450683594,192.17999267578125,190.6300048828125,191.2899932861328,49947900,190.6492462158203
2024-05-31,191.44000244140625,192.57000732421875,189.91000366210938,192.25,75158300,191.6060333251953
2024-06-03,192.89999389648438,194.99000549316406,192.52000427246094,194.02999877929688,50080500,193.3800506591797
2024-06-04,194.63999938964844,195.32000732421875,193.02999877929688,194.35000610351562,47471400,193.69898986816406
2024-06-05,195.39999389648438,196.89999389648438,194.8699951171875,195.8699951171875,54156800,195.21389770507812
2024-06-06,195.69000244140625,196.5,194.1699981689453,194.47999572753906,41181800,193.82855224609375
2024-06-07,194.64999389648438,196.94000244140625,194.13999938964844,196.88999938964844,53103900,196.23048400878906
2024-06-10,196.89999389648438,197.3000030517578,192.14999389648438,193.1199951171875,97262100,192.4730987548828
2024-06-11,193.64999389648438,207.16000366210938,193.6300048828125,207.14999389648438,172373300,206.45611572265625
2024-06-12,207.3699951171875,220.1999969482422,206.89999389648438,213.07000732421875,198134300,212.35630798339844
2024-06-13,214.74000549316406,216.75,211.60000610351562,214.24000549316406,97862700,213.52236938476562
2024-06-14,213.85000610351562,215.1699981689453,211.3000030517578,212.49000549316406,70122700,211.77822875976562
2024-06-17,213.3699951171875,218.9499969482422,212.72000122070312,216.6699981689453,93728300,215.94422912597656
2024-06-18,217.58999633789062,218.6300048828125,213,214.2899932861328,79943300,213.5721893310547
2024-06-20,213.92999267578125,214.24000549316406,208.85000610351562,209.67999267578125,86172500,208.97764587402344
2024-06-21,210.38999938964844,211.88999938964844,207.11000061035156,207.49000549316406,246421400,206.79498291015625
2024-06-24,207.72000122070312,212.6999969482422,206.58999633789062,208.13999938964844,80727000,207.4427947998047
2024-06-25,209.14999389648438,211.3800048828125,208.61000061035156,209.07000732421875,56713900,208.36968994140625
2024-06-26,211.5,214.86000061035156,210.63999938964844,213.25,66213200,212.5356903076172
2024-06-27,214.69000244140625,215.74000549316406,212.35000610351562,214.10000610351562,49772700,213.3828582763672
2024-06-28,215.77000427246094,216.07000732421875,210.3000030517578,210.6199951171875,82542700,209.9144744873047
2024-07-01,212.08999633789062,217.50999450683594,211.9199981689453,216.75,60402900,216.02395629882812
2024-07-02,216.14999389648438,220.3800048828125,215.10000610351562,220.27000427246094,58046200,219.53216552734375
2024-07-03,220,221.5500030517578,219.02999877929688,221.5500030517578,37369800,220.80789184570312
2024-07-05,221.64999389648438,226.4499969482422,221.64999389648438,226.33999633789062,60412400,225.5818328857422
2024-07-08,227.08999633789062,227.85000610351562,223.25,227.82000732421875,59085900,227.056884765625
2024-07-09,227.92999267578125,229.39999389648438,226.3699951171875,228.67999267578125,48076100,227.9139862060547
2024-07-10,229.3000030517578,233.0800018310547,229.25,232.97999572753906,62627700,232.1995849609375
2024-07-11,231.38999938964844,232.38999938964844,225.77000427246094,227.57000732421875,64710600,226.80772399902344
2024-07-12,228.9199981689453,232.63999938964844,228.67999267578125,230.5399932861328,53046500,229.76776123046875
2024-07-15,236.47999572753906,237.22999572753906,233.08999633789062,234.39999389648438,62631300,233.61483764648438
2024-07-16,235,236.27000427246094,232.3300018310547,234.82000732421875,43234300,234.033447265625
2024-07-17,229.4499969482422,231.4600067138672,226.63999938964844,228.8800048828125,57345900,228.1133270263672
2024-07-18,230.27999877929688,230.44000244140625,222.27000427246094,224.17999267578125,66034600,223.42906188964844
2024-07-19,224.82000732421875,226.8000030517578,223.27999877929688,224.30999755859375,49151500,223.55862426757812
2024-07-22,227.00999450683594,227.77999877929688,223.08999633789062,223.9600067138672,48201800,223.20980834960938
2024-07-23,224.3699951171875,226.94000244140625,222.67999267578125,225.00999450683594,39960300,224.25628662109375
2024-07-24,224,224.8000030517578,217.1300048828125,218.5399932861328,61777600,217.80795288085938
2024-07-25,218.92999267578125,220.85000610351562,214.6199951171875,217.49000549316406,51391200,216.76148986816406
2024-07-26,218.6999969482422,219.49000549316406,216.00999450683594,217.9600067138672,41601300,217.2299041748047
2024-07-29,216.9600067138672,219.3000030517578,215.75,218.24000549316406,36311800,217.50897216796875
2024-07-30,219.19000244140625,220.3300018310547,216.1199951171875,218.8000030517578,41643800,218.0670928955078
2024-07-31,221.44000244140625,223.82000732421875,220.6300048828125,222.0800018310547,50036300,221.3361053466797
2024-08-01,224.3699951171875,224.47999572753906,217.02000427246094,218.36000061035156,62501000,217.62857055664062
2024-08-02,219.14999389648438,225.60000610351562,217.7100067138672,219.86000061035156,105568600,219.12353515625
2024-08-05,199.08999633789062,213.5,196,209.27000427246094,119548600,208.5690155029297
2024-08-06,205.3000030517578,209.99000549316406,201.07000732421875,207.22999572753906,69660500,206.5358428955078
2024-08-07,206.89999389648438,213.63999938964844,206.38999938964844,209.82000732421875,63516400,209.1171875
2024-08-08,213.11000061035156,214.1999969482422,208.8300018310547,213.30999755859375,47161100,212.59547424316406
2024-08-09,212.10000610351562,216.77999877929688,211.97000122070312,216.24000549316406,42201600,215.51568603515625
2024-08-12,216.07000732421875,219.50999450683594,215.60000610351562,217.52999877929688,38028100,217.0522918701172
2024-08-13,219.00999450683594,221.88999938964844,219.00999450683594,221.27000427246094,44155300,220.78407287597656
2024-08-14,220.57000732421875,223.02999877929688,219.6999969482422,221.72000122070312,41960600,221.23309326171875
2024-08-15,224.60000610351562,225.35000610351562,222.75999450683594,224.72000122070312,46414000,224.22650146484375
2024-08-16,223.9199981689453,226.8300018310547,223.64999389648438,226.0500030517578,44340200,225.5535888671875
2024-08-19,225.72000122070312,225.99000549316406,223.0399932861328,225.88999938964844,40687800,225.39393615722656
2024-08-20,225.77000427246094,227.1699981689453,225.4499969482422,226.50999450683594,30299000,226.0125732421875
2024-08-21,226.52000427246094,227.97999572753906,225.0500030517578,226.39999389648438,34765500,225.90280151367188
2024-08-22,227.7899932861328,228.33999633789062,223.89999389648438,224.52999877929688,43695300,224.03692626953125
2024-08-23,225.66000366210938,228.22000122070312,224.3300018310547,226.83999633789062,38677300,226.3418426513672
2024-08-26,226.75999450683594,227.27999877929688,223.88999938964844,227.17999267578125,30602200,226.68109130859375
2024-08-27,226,228.85000610351562,224.88999938964844,228.02999877929688,35934600,227.5292205810547
2024-08-28,227.9199981689453,229.86000061035156,225.67999267578125,226.49000549316406,38052200,225.99261474609375
2024-08-29,230.10000610351562,232.9199981689453,228.8800048828125,229.7899932861328,51906300,229.28536987304688
2024-08-30,230.19000244140625,230.39999389648438,227.47999572753906,229,52990800,228.49710083007812
2024-09-03,228.5500030517578,229,221.1699981689453,222.77000427246094,50190600,222.28077697753906
2024-09-04,221.66000366210938,221.77999877929688,217.47999572753906,220.85000610351562,43840200,220.36500549316406
2024-09-05,221.6300048828125,225.47999572753906,221.52000427246094,222.3800048828125,36615400,221.89163208007812
2024-09-06,223.9499969482422,225.24000549316406,219.77000427246094,220.82000732421875,48423000,220.3350830078125
2024-09-09,220.82000732421875,221.27000427246094,216.7100067138672,220.91000366210938,67180000,220.42486572265625
2024-09-10,218.9199981689453,221.47999572753906,216.72999572753906,220.11000061035156,51591000,219.6266326904297
2024-09-11,221.4600067138672,223.08999633789062,217.88999938964844,222.66000366210938,44587100,222.1710205078125
2024-09-12,222.5,223.5500030517578,219.82000732421875,222.77000427246094,37498200,222.28077697753906
2024-09-13,223.5800018310547,224.0399932861328,221.91000366210938,222.5,36766600,222.01138305664062
2024-09-16,216.5399932861328,217.22000122070312,213.9199981689453,216.32000732421875,59357400,215.84495544433594
2024-09-17,215.75,216.89999389648438,214.5,216.7899932861328,45519300,216.31390380859375
2024-09-18,217.5500030517578,222.7100067138672,217.5399932861328,220.69000244140625,59894900,220.20535278320312
2024-09-19,224.99000549316406,229.82000732421875,224.6300048828125,228.8699951171875,66781300,228.3673858642578
2024-09-20,229.97000122070312,233.08999633789062,227.6199951171875,228.1999969482422,318679900,227.6988525390625
2024-09-23,227.33999633789062,229.4499969482422,225.80999755859375,226.47000122070312,54146000,225.97265625
2024-09-24,228.64999389648438,229.35000610351562,225.72999572753906,227.3699951171875,43556100,226.8706817626953
2024-09-25,224.92999267578125,227.2899932861328,224.02000427246094,226.3699951171875,42308700,225.8728790283203
2024-09-26,227.3000030517578,228.5,225.41000366210938,227.52000427246094,36636700,227.02035522460938
2024-09-27,228.4600067138672,229.52000427246094,227.3000030517578,227.7899932861328,34026000,227.2897491455078
2024-09-30,230.0399932861328,233,229.64999389648438,233,54541900,232.4883270263672
2024-10-01,229.52000427246094,229.64999389648438,223.74000549316406,226.2100067138672,63285000,225.71324157714844
2024-10-02,225.88999938964844,227.3699951171875,223.02000427246094,226.77999877929688,32880600,226.281982421875
2024-10-03,225.13999938964844,226.80999755859375,223.32000732421875,225.6699981689453,34044200,225.17440795898438
2024-10-04,227.89999389648438,228,224.1300048828125,226.8000030517578,37245100,226.30194091796875
2024-10-07,224.5,225.69000244140625,221.3300018310547,221.69000244140625,39505400,221.20315551757812
2024-10-08,224.3000030517578,225.97999572753906,223.25,225.77000427246094,31855700,225.27420043945312
2024-10-09,225.22999572753906,229.75,224.8300018310547,229.5399932861328,33591100,229.03591918945312
2024-10-10,227.77999877929688,229.5,227.1699981689453,229.0399932861328,28183500,228.53701782226562
2024-10-11,229.3000030517578,229.41000366210938,227.33999633789062,227.5500030517578,31759200,227.05029296875
2024-10-14,228.6999969482422,231.72999572753906,228.60000610351562,231.3000030517578,39882100,230.79205322265625
2024-10-15,233.61000061035156,237.49000549316406,232.3699951171875,233.85000610351562,64751400,233.33645629882812
2024-10-16,231.60000610351562,232.1199951171875,229.83999633789062,231.77999877929688,34082200,231.27099609375
2024-10-17,233.42999267578125,233.85000610351562,230.52000427246094,232.14999389648438,32993800,231.6401824951172
2024-10-18,236.17999267578125,236.17999267578125,234.00999450683594,235,46431500,234.48391723632812
2024-10-21,234.4499969482422,236.85000610351562,234.4499969482422,236.47999572753906,36254500,235.96067810058594
2024-10-22,233.88999938964844,236.22000122070312,232.60000610351562,235.86000061035156,38846600,235.342041015625
2024-10-23,234.0800018310547,235.13999938964844,227.75999450683594,230.75999450683594,52287000,230.25323486328125
2024-10-24,229.97999572753906,230.82000732421875,228.41000366210938,230.57000732421875,31109500,230.0636749267578
2024-10-25,229.74000549316406,233.22000122070312,229.57000732421875,231.41000366210938,38802300,230.9018096923828
2024-10-28,233.32000732421875,234.72999572753906,232.5500030517578,233.39999389648438,36087100,232.88743591308594
2024-10-29,233.10000610351562,234.3300018310547,232.32000732421875,233.6699981689453,35417200,233.15684509277344
2024-10-30,232.61000061035156,233.47000122070312,229.5500030517578,230.10000610351562,47070900,229.5946807861328
2024-10-31,229.33999633789062,229.8300018310547,225.3699951171875,225.91000366210938,64370100,225.4138946533203
2024-11-01,220.97000122070312,225.35000610351562,220.27000427246094,222.91000366210938,65276700,222.42047119140625
2024-11-04,220.99000549316406,222.7899932861328,219.7100067138672,222.00999450683594,44944500,221.52244567871094
2024-11-05,221.8000030517578,223.9499969482422,221.13999938964844,223.4499969482422,28111300,222.95928955078125
2024-11-06,222.61000061035156,226.07000732421875,221.19000244140625,222.72000122070312,54561100,222.23089599609375
2024-11-07,224.6300048828125,227.8800048828125,224.57000732421875,227.47999572753906,42137700,226.98043823242188
2024-11-08,227.1699981689453,228.66000366210938,226.41000366210938,226.9600067138672,38328800,226.7107391357422
2024-11-11,225,225.6999969482422,221.5,224.22999572753906,42005600,223.98373413085938
2024-11-12,224.5500030517578,225.58999633789062,223.36000061035156,224.22999572753906,40398300,223.98373413085938
2024-11-13,224.00999450683594,226.64999389648438,222.75999450683594,225.1199951171875,48566200,224.8727569580078
2024-11-14,225.02000427246094,228.8699951171875,225,228.22000122070312,44923900,227.9693603515625
2024-11-15,226.39999389648438,226.9199981689453,224.27000427246094,225,47923700,224.7528839111328
2024-11-18,225.25,229.74000549316406,225.1699981689453,228.02000427246094,44686000,227.7695770263672
2024-11-19,226.97999572753906,230.16000366210938,226.66000366210938,228.27999877929688,36211800,228.02928161621094
2024-11-20,228.05999755859375,229.92999267578125,225.88999938964844,229,35169600,228.7484893798828
2024-11-21,228.8800048828125,230.16000366210938,225.7100067138672,228.52000427246094,42108300,228.26902770996094
2024-11-22,228.05999755859375,230.72000122070312,228.05999755859375,229.8699951171875,38168300,229.61753845214844
2024-11-25,231.4600067138672,233.25,229.74000549316406,232.8699951171875,90152800,232.61424255371094
2024-11-26,233.3300018310547,235.57000732421875,233.3300018310547,235.05999755859375,45986200,234.8018341064453
2024-11-27,234.47000122070312,235.69000244140625,233.80999755859375,234.92999267578125,33498400,234.67198181152344
2024-11-29,234.80999755859375,237.80999755859375,233.97000122070312,237.3300018310547,28481400,237.06935119628906
2024-12-02,237.27000427246094,240.7899932861328,237.16000366210938,239.58999633789062,48137100,239.3268585205078
2024-12-03,239.80999755859375,242.75999450683594,238.89999389648438,242.64999389648438,38861000,242.3834991455078
2024-12-04,242.8699951171875,244.11000061035156,241.25,243.00999450683594,44383900,242.74310302734375
2024-12-05,243.99000549316406,244.5399932861328,242.1300048828125,243.0399932861328,40033900,242.7730712890625
2024-12-06,242.91000366210938,244.6300048828125,242.0800018310547,242.83999633789062,36870600,242.5732879638672
2024-12-09,241.8300018310547,247.24000549316406,241.75,246.75,44649200,246.47900390625
2024-12-10,246.88999938964844,248.2100067138672,245.33999633789062,247.77000427246094,36914800,247.4978790283203
2024-12-11,247.9600067138672,250.8000030517578,246.25999450683594,246.49000549316406,45205800,246.2192840576172
2024-12-12,246.88999938964844,248.74000549316406,245.67999267578125,247.9600067138672,32777500,247.68768310546875
2024-12-13,247.82000732421875,249.2899932861328,246.24000549316406,248.1300048828125,33155300,247.85748291015625
2024-12-16,247.99000549316406,251.3800048828125,247.64999389648438,251.0399932861328,51694800,250.7642822265625
2024-12-17,250.0800018310547,253.8300018310547,249.77999877929688,253.47999572753906,51356400,253.20159912109375
2024-12-18,252.16000366210938,254.27999877929688,247.74000549316406,248.0500030517578,56774100,247.77757263183594
2024-12-19,247.5,252,247.08999633789062,249.7899932861328,60882300,249.51565551757812
2024-12-20,248.0399932861328,255,245.69000244140625,254.49000549316406,147495300,254.21051025390625
2024-12-23,254.77000427246094,255.64999389648438,253.4499969482422,255.27000427246094,40858800,254.98965454101562
2024-12-24,255.49000549316406,258.2099914550781,255.2899932861328,258.20001220703125,23234700,257.91644287109375
2024-12-26,258.19000244140625,260.1000061035156,257.6300048828125,259.0199890136719,27237100,258.7355041503906
2024-12-27,257.8299865722656,258.70001220703125,253.05999755859375,255.58999633789062,42355300,255.30929565429688
2024-12-30,252.22999572753906,253.5,250.75,252.1999969482422,35557500,251.9230194091797
2024-12-31,252.44000244140625,253.27999877929688,249.42999267578125,250.4199981689453,39480700,250.1449737548828
2025-01-02,248.92999267578125,249.10000610351562,241.82000732421875,243.85000610351562,55740700,243.5821990966797
2025-01-03,243.36000061035156,244.17999267578125,241.88999938964844,243.36000061035156,40244100,243.0927276611328
2025-01-06,244.30999755859375,247.3300018310547,243.1999969482422,245,45045600,244.73092651367188
2025-01-07,242.97999572753906,245.5500030517578,241.35000610351562,242.2100067138672,40856000,241.94400024414062
2025-01-08,241.9199981689453,243.7100067138672,240.0500030517578,242.6999969482422,37628900,242.43344116210938
2025-01-10,240.00999450683594,240.16000366210938,233,236.85000610351562,61710900,236.58987426757812
2025-01-13,233.52999877929688,234.6699981689453,229.72000122070312,234.39999389648438,49630700,234.14256286621094
2025-01-14,234.75,236.1199951171875,232.47000122070312,233.27999877929688,39435300,233.02378845214844
2025-01-15,234.63999938964844,238.9600067138672,234.42999267578125,237.8699951171875,39832000,237.60874938964844
2025-01-16,237.35000610351562,238.00999450683594,228.02999877929688,228.25999450683594,71759100,228.00930786132812
2025-01-17,232.1199951171875,232.2899932861328,228.47999572753906,229.97999572753906,68488300,229.7274169921875
2025-01-21,224,224.4199981689453,219.3800048828125,222.63999938964844,98070400,222.39547729492188
2025-01-22,219.7899932861328,224.1199951171875,219.7899932861328,223.8300018310547,64126500,223.58416748046875
2025-01-23,224.74000549316406,227.02999877929688,222.3000030517578,223.66000366210938,60234800,223.41436767578125
2025-01-24,224.77999877929688,225.6300048828125,221.41000366210938,222.77999877929688,54697900,222.5353240966797
2025-01-27,224.02000427246094,232.14999389648438,223.97999572753906,229.86000061035156,94863400,229.6075439453125
2025-01-28,230.85000610351562,240.19000244140625,230.80999755859375,238.25999450683594,75707600,237.99832153320312
2025-01-29,234.1199951171875,239.86000061035156,234.00999450683594,239.36000061035156,45486100,239.0971221923828
2025-01-30,238.6699981689453,240.7899932861328,237.2100067138672,237.58999633789062,55658300,237.3290557861328
2025-01-31,247.19000244140625,247.19000244140625,233.44000244140625,236,101075100,235.74081420898438
2025-02-03,229.99000549316406,231.8300018310547,225.6999969482422,228.00999450683594,73063300,227.75958251953125
2025-02-04,227.25,233.1300048828125,226.64999389648438,232.8000030517578,45067300,232.54432678222656
2025-02-05,228.52999877929688,232.6699981689453,228.27000427246094,232.47000122070312,39620300,232.21469116210938
2025-02-06,231.2899932861328,233.8000030517578,230.42999267578125,233.22000122070312,29925300,232.9638671875
2025-02-07,232.60000610351562,234,227.25999450683594,227.6300048828125,39707200,227.3800048828125
2025-02-10,229.57000732421875,230.58999633789062,227.1999969482422,227.64999389648438,33115600,227.64999389648438
2025-02-11,228.1999969482422,235.22999572753906,228.1300048828125,232.6199951171875,53718400,232.6199951171875
2025-02-12,231.1999969482422,236.9600067138672,230.67999267578125,236.8699951171875,45243300,236.8699951171875
2025-02-13,236.91000366210938,242.33999633789062,235.57000732421875,241.52999877929688,53614100,241.52999877929688
2025-02-14,241.25,245.5500030517578,240.99000549316406,244.60000610351562,40896200,244.60000610351562
2025-02-18,244.14999389648438,245.17999267578125,241.83999633789062,244.47000122070312,48822500,244.47000122070312
2025-02-19,244.66000366210938,246.00999450683594,243.16000366210938,244.8699951171875,32204200,244.8699951171875
2025-02-20,244.94000244140625,246.77999877929688,244.2899932861328,245.8300018310547,32316900,245.8300018310547
2025-02-21,245.9499969482422,248.69000244140625,245.22000122070312,245.5500030517578,53197400,245.5500030517578
2025-02-24,244.92999267578125,248.86000061035156,244.4199981689453,247.10000610351562,51326400,247.10000610351562
2025-02-25,248,250,244.91000366210938,247.0399932861328,48013300,247.0399932861328
2025-02-26,244.3300018310547,244.97999572753906,239.1300048828125,240.36000061035156,44433600,240.36000061035156
2025-02-27,239.41000366210938,242.4600067138672,237.05999755859375,237.3000030517578,41153600,237.3000030517578
2025-02-28,236.9499969482422,242.08999633789062,230.1999969482422,241.83999633789062,56833400,241.83999633789062
2025-03-03,241.7899932861328,244.02999877929688,236.11000061035156,238.02999877929688,47184000,238.02999877929688
2025-03-04,237.7100067138672,240.07000732421875,234.67999267578125,235.92999267578125,53798100,235.92999267578125
2025-03-05,235.4199981689453,236.5500030517578,229.22999572753906,235.74000549316406,47227600,235.74000549316406
2025-03-06,234.44000244140625,237.86000061035156,233.16000366210938,235.3300018310547,45170400,235.3300018310547
2025-03-07,235.11000061035156,241.3699951171875,234.75999450683594,239.07000732421875,46273600,239.07000732421875
2025-03-10,235.5399932861328,236.16000366210938,224.22000122070312,227.47999572753906,72071200,227.47999572753906
2025-03-11,223.80999755859375,225.83999633789062,217.4499969482422,220.83999633789062,76137400,220.83999633789062
2025-03-12,220.13999938964844,221.75,214.91000366210938,216.97999572753906,62547500,216.97999572753906
2025-03-13,215.9499969482422,216.83999633789062,208.4199981689453,209.67999267578125,61368300,209.67999267578125
2025-03-14,211.25,213.9499969482422,209.5800018310547,213.49000549316406,60107600,213.49000549316406
2025-03-17,213.30999755859375,215.22000122070312,209.97000122070312,214,48073400,214
2025-03-18,214.16000366210938,215.14999389648438,211.49000549316406,212.69000244140625,42432400,212.69000244140625
2025-03-19,214.22000122070312,218.75999450683594,213.75,215.24000549316406,54385400,215.24000549316406
2025-03-20,213.99000549316406,217.49000549316406,212.22000122070312,214.10000610351562,48862900,214.10000610351562
2025-03-21,211.55999755859375,218.83999633789062,211.27999877929688,218.27000427246094,93954500,218.27000427246094